"References","Value","Footprint","MPN","Manufacturer","Description","Qty"
"C1,C7","10uF","WiFi_UART_Bridge:C_0603_1608Metric_Big","CL10A106MO8NQNC","Samsung Electro-Mechanics","Capacitor, ceramic, 0603","2"
"C2,C4,C8","0.1uF","WiFi_UART_Bridge:C_0603_1608Metric_Big","CL10B104JB8NNNC","Samsung Electro-Mechanics","Capacitor, ceramic, 0603","3"
"C3","1uF","WiFi_UART_Bridge:C_0603_1608Metric_Big","CL10A105KB8NNNC","Samsung Electro-Mechanics","Capacitor, ceramic, 0603","1"
"C5,C6","22uF","WiFi_UART_Bridge:C_0805_2012Metric","CL21A226MAYNNNE","Samsung Electro-Mechanics","Capacitor, ceramic, 0805","2"
"D1,D3,D4,D6,D7,D10,D11,D13,D14","BAS3005B-02V","WiFi_UART_Bridge:D_SC-79","BAS3005B-02VH6327","Infineon Technologies","Schottky diode 30 V 0.5 A, SC-79","9"
"D8,D9","SDM4A40EP3","WiFi_UART_Bridge:D_SDM4A40EP3","SDM4A40EP3-7B","Diodes Incorporated","Schottky diode 40 V 4 A","2"
"D12","MMSZ5226B","WiFi_UART_Bridge:D_SOD-123","SZMMSZ5226BT1G","onsemi","Zener diode 3.3 V 500 mW, SOD-123","1"
"R1,R3,R4,R5","10k","WiFi_UART_Bridge:R_0603_1608Metric_Big","ERJ-3EKF1002V","Panasonic","Resistor 1 %, 0603","4"
"R2,R10,R11","1k","WiFi_UART_Bridge:R_0603_1608Metric_Big","ERJ-3EKF1001V","Panasonic","Resistor 1 %, 0603","3"
"R6,R7","150","WiFi_UART_Bridge:R_0603_1608Metric_Big","ERJ-3EKF1500V","Panasonic","Resistor 1 %, 0603","2"
"R8,R9","0","WiFi_UART_Bridge:R_0603_1608Metric_Big","ERJ-3GEY0R00V","Panasonic","Jumper 0 Ohm, 0603","2"
"SB1","PTS525SM15SMTR2","WiFi_UART_Bridge:SW_CK_PTS525SM15SMTR2","PTS525SM15SMTR2 LFS","C&K","Tactile switch SPST-NO (BOOT)","1"
"U1","ESP32-C3-MINI-1U","WiFi_UART_Bridge:ESP32-C3-MINI-1U","ESP32-C3-MINI-1U","Espressif Systems","Wi-Fi / Bluetooth LE module, ESP32-C3, 4 MB flash, U.FL antenna connector","1"
"U2","LMZM23601V3","WiFi_UART_Bridge:TI_SIL0010A_LMZM2360x","LMZM23601V3SILR","Texas Instruments","Step-down power module, 3.3 V 1 A","1"
"VD1","LED green","WiFi_UART_Bridge:LED_0603_1608Metric","FYLS-0603UGC","","LED green, 0603","1"
"X1,X2","SM04B-GHS-TB","WiFi_UART_Bridge:JST_GH_SM04B-GHS-TB_1x04-1MP_P1.25mm_Horizontal","SM04B-GHS-TB(LF)(SN)","JST","JST GH header 4 pins, 1.25 mm, right angle, SMD","2"
