Ref,Val,Package,PosX,PosY,Rot,Side
"C1","10uF","C_0603_1608Metric_Big",17.050000,4.850000,90.000000,top
"C2","0.1uF","C_0603_1608Metric_Big",18.550000,4.850000,90.000000,top
"C3","1uF","C_0603_1608Metric_Big",15.650000,7.549990,90.000000,top
"C4","0.1uF","C_0603_1608Metric_Big",12.100000,17.200000,0.000000,top
"C5","22uF","C_0805_2012Metric",18.000000,17.724990,180.000000,top
"C6","22uF","C_0805_2012Metric",18.000000,15.974990,180.000000,top
"C7","10uF","C_0603_1608Metric_Big",18.100000,10.299990,180.000000,top
"C8","0.1uF","C_0603_1608Metric_Big",15.750000,16.349990,-90.000000,top
"D1","BAS3005B-02V","D_SC-79",14.200000,17.200010,-90.000000,top
"D3","BAS3005B-02V","D_SC-79",13.124970,19.200000,90.000000,top
"D4","BAS3005B-02V","D_SC-79",12.049940,19.200000,90.000000,top
"D6","BAS3005B-02V","D_SC-79",13.124920,21.500080,90.000000,top
"D7","BAS3005B-02V","D_SC-79",12.049920,21.500000,90.000000,top
"D8","SDM4A40EP3","D_SDM4A40EP3",2.600000,21.274970,180.000000,top
"D9","SDM4A40EP3","D_SDM4A40EP3",12.775020,23.199990,180.000000,top
"D10","BAS3005B-02V","D_SC-79",14.199990,19.200000,90.000000,top
"D11","BAS3005B-02V","D_SC-79",10.974920,19.200080,90.000000,top
"D12","MMSZ5226B","D_SOD-123",15.975000,21.149990,90.000000,top
"D13","BAS3005B-02V","D_SC-79",14.199910,21.500080,90.000000,top
"D14","BAS3005B-02V","D_SC-79",10.974930,21.500080,90.000000,top
"R1","10k","R_0603_1608Metric_Big",15.650000,4.850000,-90.000000,top
"R2","1k","R_0603_1608Metric_Big",12.300000,14.299990,180.000000,top
"R3","10k","R_0603_1608Metric_Big",6.000000,14.024980,0.000000,top
"R4","10k","R_0603_1608Metric_Big",3.250000,14.024980,180.000000,top
"R5","10k","R_0603_1608Metric_Big",17.050000,7.549990,90.000000,top
"R6","150","R_0603_1608Metric_Big",19.075000,20.924990,-90.000000,top
"R7","150","R_0603_1608Metric_Big",9.775010,21.274990,-90.000000,top
"R8","0","R_0603_1608Metric_Big",2.899990,23.199990,0.000000,top
"R9","0","R_0603_1608Metric_Big",5.499990,21.274970,0.000000,top
"R10","1k","R_0603_1608Metric_Big",17.675000,20.924990,-90.000000,top
"R11","1k","R_0603_1608Metric_Big",6.000010,23.199990,0.000000,top
"SB1","PTS525SM15SMTR2","SW_CK_PTS525SM15SMTR2",4.600000,17.724980,0.000000,top
"U1","ESP32-C3-MINI-1U","ESP32-C3-MINI-1U",7.900000,7.300010,180.000000,top
"U2","LMZM23601V3","TI_SIL0010A_LMZM2360x",17.300000,12.975000,0.000000,top
"VD1","LED green","LED_0603_1608Metric",10.000000,15.000000,90.000000,top
"X1","SM04B-GHS-TB","JST_GH_SM04B-GHS-TB_1x04-1MP_P1.25mm_Horizontal",15.525000,27.399990,180.000000,top
"X2","SM04B-GHS-TB","JST_GH_SM04B-GHS-TB_1x04-1MP_P1.25mm_Horizontal",4.475000,27.399990,180.000000,top
